region,crop_type,survey_year,price_birr_per_quintal
Oromia,barley,2024,4590.0
Amhara,maize,2023,4205.5
Oromia,wheat,2024,5387.0
SNNPR,barley,2022,4181.0
Amhara,sorghum,2021,2706.0
Amhara,sorghum,2023,3376.0
Somali,sorghum,2021,2559.0
Tigray,sorghum,2021,2723.0
Amhara,sorghum,2022,4205.5
Tigray,sorghum,2024,3583.0
Amhara,barley,2023,4644.0
SNNPR,sorghum,2023,3493.0
Somali,wheat,2023,4846.0
Oromia,teff,2023,8071.0
SNNPR,teff,2023,8598.0
Oromia,maize,2022,2725.0
SNNPR,maize,2022,2767.0
SNNPR,teff,2024,8294.0
Oromia,wheat,2023,4848.0
Amhara,wheat,2023,4590.0
SNNPR,barley,2023,4735.0
Somali,maize,2022,2712.0
Amhara,wheat,2024,5609.0
SNNPR,sorghum,2024,3577.0
SNNPR,sorghum,2021,2747.0
Amhara,wheat,2021,4409.0
Amhara,sorghum,2024,34.0
Tigray,teff,2023,7701.0
Somali,teff,2024,8811.0
SNNPR,teff,2022,7653.0
Tigray,maize,2021,2576.0
SNNPR,maize,2024,3007.0
Somali,maize,2023,2979.0
Oromia,sorghum,2021,2709.0
Amhara,teff,2021,6650.0
SNNPR,maize,2021,2823.0
Oromia,sorghum,2022,3302.0
Tigray,maize,2024,3345.0
Oromia,barley,2023,4943.0
Somali,wheat,2021,44.0
Tigray,barley,2022,4359.0
Somali,maize,2024,3497.0
Somali,barley,2024,5206.0
Amhara,teff,2022,7129.0
Tigray,wheat,2024,5652.0
Somali,sorghum,2022,2972.0
Oromia,maize,2024,3186.0
Amhara,barley,2022,3997.0
Tigray,maize,2023,3078.0
Oromia,maize,2023,3074.0
Amhara,teff,2024,4205.5
Tigray,barley,2021,3847.0
SNNPR,barley,2021,4284.0
Oromia,teff,2024,8707.0
SNNPR,maize,2023,3073.0
Somali,wheat,2022,4579.0
Amhara,barley,2024,4863.0
Tigray,wheat,2023,4310.0
Oromia,wheat,2022,4538.0
Tigray,teff,2024,8474.0
Somali,teff,2021,7175.0
Amhara,maize,2024,3131.0
Amhara,maize,2021,2403.0
Tigray,wheat,2022,4686.0
Somali,teff,2023,8506.0
SNNPR,wheat,2024,5898.0
Tigray,sorghum,2022,3106.0
Somali,barley,2022,4230.0
Amhara,maize,2022,2824.0
SNNPR,sorghum,2022,2922.0
SNNPR,teff,2021,7325.0
Tigray,barley,2023,4561.0
Oromia,teff,2022,7669.0
Tigray,barley,2024,5199.0
SNNPR,wheat,2023,5321.0
Somali,sorghum,2023,3642.0
Somali,barley,2021,3748.0
Oromia,sorghum,2023,3262.0
Oromia,maize,2021,2714.0
Tigray,teff,2021,6879.0
Somali,sorghum,2024,3399.0
Oromia,barley,2021,3755.0
Amhara,barley,2021,41.0
SNNPR,barley,2024,4205.5
Tigray,maize,2022,3223.0
Oromia,wheat,2021,3644.0
Tigray,teff,2022,7271.0
Tigray,sorghum,2023,3605.0
SNNPR,wheat,2022,4873.0
Amhara,wheat,2022,49.0
SNNPR,wheat,2021,4588.0
Oromia,sorghum,2024,3503.0
Amhara,teff,2023,7289.0
Somali,teff,2022,7269.0
Somali,barley,2023,4965.0
Tigray,wheat,2021,4484.0
Oromia,barley,2022,4179.0
Oromia,teff,2021,6396.0
Somali,wheat,2024,5241.0
Somali,maize,2021,2495.0
